"ws.w.center","ws.w.scale","forecast.cf.center","forecast.cf.scale"
5.67376340517633,2.45529858817929,0.278819495484016,0.241007974655765
